AAA,0.41379310344827586
AAU,0.2003636853448276
AAG,0.7152478448275862
AAC,0.8620689655172413
AUA,0.3199084051724138
AUU,0.5412850215517241
AUG,0.7721578663793104
AUC,0.5661368534482759
AGA,0.20689655172413793
AGU,0.06411637931034483
AGG,0.27141702586206895
AGC,0.27586206896551724
ACA,0.29539331896551724
ACU,0.3103448275862069
ACG,0.27141702586206895
ACC,0.27761314655172414
UAU,0.10418911637931035
UAC,0.4482758620689655
UUA,0.13793103448275862
UUU,0.08014547413793104
UUG,0.2728987068965517
UUC,0.3448275862068966
UGU,0.232421875
UGG,0.25787984913793105
UGC,1.0
UCA,0.22642780172413793
UCU,0.3103448275862069
UCG,0.2039331896551724
UCC,0.27761314655172414
GAA,0.27586206896551724
GAU,0.10418911637931035
GAG,0.4078663793103448
GAC,0.4482758620689655
GUA,0.26091056034482757
GUU,0.3103448275862069
GUG,0.5307785560344828
GUC,0.27761314655172414
GGA,0.3103448275862069
GGU,0.11220366379310345
GGG,0.32091864224137934
GGC,0.4827586206896552
GCA,0.5315193965517241
GCU,0.896551724137931
GCG,0.2699353448275862
GCC,0.8019935344827587
CAA,0.20689655172413793
CAU,0.07213092672413793
CAG,0.5472790948275862
CAC,0.3103448275862069
CUA,0.1919450431034483
CUU,0.3103448275862069
CUG,0.35984644396551724
CUC,0.27761314655172414
CGA,0.2757273706896552
CGU,0.2413793103448276
CGG,0.2369342672413793
CGC,0.21592133620689655
CCA,0.3298760775862069
CCU,0.3103448275862069
CCG,0.25343480603448276
CCC,0.27761314655172414
